MES=F_Close,MES=F_High,MES=F_Low,MES=F_Open,MES=F_Volume,MNQ=F_Close,MNQ=F_High,MNQ=F_Low,MNQ=F_Open,MNQ=F_Volume,RSI_MES=F,SMA20_MES=F,Return_MES=F,RSI_MNQ=F,SMA20_MNQ=F,Return_MNQ=F,Spread_MES=F_MNQ=F
6713.0,6716.0,6708.5,6709.75,11864,24938.0,24945.5,24905.25,24913.0,25853,50.69179734178471,6720.95,0.00040982079654261483,52.494001866948516,24949.05,0.0009934472619992363,-18225.0
6713.5,6715.75,6705.75,6713.75,10187,24937.25,24949.0,24895.5,24937.75,22157,50.92934174330486,6721.1125,7.448234768370199e-05,52.41261854525259,24951.65,-3.0074584970729568e-05,-18223.75
6709.75,6716.0,6708.0,6713.5,6381,24916.0,24947.75,24906.75,24937.5,16985,49.0218559024903,6720.8375,-0.0005585760035748955,50.04522359056741,24952.35,-0.0008521388685600595,-18206.25
6712.75,6714.75,6709.25,6711.5,5336,24929.5,24941.25,24916.75,24927.5,13832,50.61538359462202,6720.7375,0.0004471105480829962,51.542678594142494,24953.8375,0.0005418205169369639,-18216.75
6716.0,6720.0,6710.75,6712.75,9509,24953.0,24977.75,24917.5,24929.5,27099,52.35301558443066,6720.6625,0.00048415329038031807,54.12084502440664,24955.0375,0.0009426582963958374,-18237.0
6729.25,6730.5,6716.0,6716.25,14482,25025.0,25028.5,24953.25,24953.5,30621,58.72875920656774,6720.7125,0.001972900536033384,60.97217939241823,24957.7,0.0028854245982445903,-18295.75
6732.25,6736.25,6718.0,6729.5,26629,25039.5,25056.0,24973.25,25024.25,50373,60.032794277703395,6720.875,0.0004458149125088351,62.1965458565457,24961.4125,0.0005794205794205087,-18307.25
6729.5,6737.0,6726.0,6732.0,15103,25019.5,25057.5,25005.25,25039.0,30727,58.21691466173977,6720.8875,-0.00040848156262762725,59.42724951171199,24964.3375,-0.0007987379939695671,-18290.0
6736.25,6736.75,6728.0,6729.25,12844,25041.25,25046.0,25006.0,25019.25,24997,61.31040287016879,6720.775,0.001003046288728715,61.438081333275825,24965.325,0.00086932192889555,-18305.0
6739.0,6743.5,6735.75,6736.25,13661,25053.25,25071.5,25039.0,25041.5,22150,62.527632990294364,6720.375,0.0004082390053812279,62.541149652506626,24967.275,0.00047920930464728784,-18314.25
6739.75,6745.25,6738.0,6739.0,13012,25065.5,25084.75,25045.75,25053.5,24319,62.87072312219194,6719.65,0.00011129247662866604,63.683214346990304,24965.55,0.000488958518355842,-18325.75
6741.75,6746.25,6730.0,6739.75,26607,25080.25,25099.25,25020.75,25065.0,52354,63.821974664940115,6720.975,0.0002967469119774524,65.06437866033056,24972.8625,0.0005884582394126703,-18338.5
6729.5,6744.25,6724.25,6741.5,171758,25061.75,25125.5,25026.0,25080.25,274452,54.59566876433641,6722.25,-0.001817035636147879,61.88537962196191,24980.8,-0.0007376322006359404,-18332.25
6734.0,6750.5,6717.0,6729.75,272937,25107.25,25179.75,25013.5,25062.25,368118,57.05186483423191,6723.65,0.0006686975258192174,66.25265941202194,24990.9875,0.0018155156762795777,-18373.25
6707.75,6743.5,6701.75,6733.75,280566,24972.25,25132.25,24946.5,25106.75,326305,42.581283611601414,6723.0125,-0.0038981288981289053,48.49686410246503,24991.975,-0.00537693295761188,-18264.5
6695.75,6714.0,6654.5,6707.5,350330,24928.0,24997.25,24731.5,24972.25,388879,37.85445602001692,6722.0375,-0.0017889754388580315,44.305471287488295,24992.1375,-0.001771966883240439,-18232.25
6680.25,6704.75,6673.0,6695.5,213453,24865.0,24964.0,24826.25,24927.25,244805,32.791062946097,6720.375,-0.0023149012433260063,39.12139907013131,24988.2875,-0.0025272785622593164,-18184.75
6666.75,6681.5,6632.0,6680.0,261817,24798.25,24871.75,24643.25,24865.25,283120,29.13565259454076,6717.5875,-0.002020882452004047,34.51354557063988,24979.35,-0.002684496279911519,-18131.5
6668.75,6674.75,6641.5,6666.5,216189,24831.0,24845.75,24692.75,24798.25,220822,30.37397338596348,6715.2875,0.0002999962500469522,38.35026645946604,24973.7375,0.0013206577077011783,-18162.25
6659.5,6673.75,6650.75,6668.25,33723,24793.75,24854.75,24745.5,24830.75,45835,27.941997612017147,6712.75,-0.0013870665417057282,35.78237011655624,24967.7625,-0.0015001409528412335,-18134.25
6644.75,6669.25,6644.5,6659.5,0,24742.0,24858.5,24740.5,24793.75,0,24.56446249702887,6709.3375,-0.0022148809970718997,32.524126828136176,24957.9625,-0.0020872195613813593,-18097.25
6651.25,6651.75,6641.5,6644.75,23070,24760.0,24769.25,24720.5,24743.0,43956,28.657063643945293,6706.225,0.0009782158847209121,34.74970929374085,24949.1,0.0007275078813353542,-18108.75
6651.5,6658.0,6648.25,6651.25,16506,24778.25,24795.0,24745.75,24759.5,33463,28.81702346588537,6703.3125,3.7586919751975145e-05,37.01793929798037,24942.2125,0.0007370759289175854,-18126.75
6648.25,6663.0,6642.5,6651.75,19776,24758.0,24835.5,24729.25,24777.5,40695,27.939993821337495,6700.0875,-0.0004886115913703692,35.541592568645385,24933.6375,-0.0008172489986177922,-18109.75
6648.0,6650.5,6642.75,6648.5,12044,24764.75,24772.25,24729.25,24758.5,30224,27.869728792853664,6696.6875,-3.76038807204937e-05,36.45139186973129,24924.225,0.0002726391469423106,-18116.75
6642.5,6650.25,6636.25,6648.0,12832,24734.0,24768.75,24706.0,24764.75,27507,26.30255138329383,6692.35,-0.0008273164861613003,34.09075758270211,24909.675,-0.0012416842487810165,-18091.5
6636.75,6642.75,6635.25,6641.25,10975,24706.0,24738.0,24700.0,24727.75,21692,24.736474558117436,6687.575,-0.000865637937523478,32.055079735007794,24893.0,-0.001132044958356948,-18069.25
6628.25,6637.75,6618.75,6637.0,24541,24661.0,24710.75,24616.0,24706.0,51772,22.59477309231201,6682.5125,-0.0012807473537499448,29.05249671198395,24875.075,-0.0018214198980004426,-18032.75
6611.0,6634.0,6608.75,6628.5,30952,24581.25,24690.75,24570.25,24660.75,61572,18.999595544417915,6676.25,-0.002602496888318928,24.646395768538426,24852.075,-0.0032338510198288706,-17970.25
6584.75,6613.5,6571.25,6611.5,75471,24476.0,24588.75,24430.0,24581.75,115421,15.06998098199334,6668.5375,-0.003970654968991072,20.275928855531333,24823.2125,-0.00428171878972794,-17891.25
6591.0,6598.0,6572.5,6584.75,36237,24491.25,24527.75,24417.75,24475.5,84482,19.347190194959595,6661.1,0.0009491628383766493,22.422487178652204,24794.5,0.0006230593234188841,-17900.25
6591.75,6608.25,6589.75,6591.0,27246,24495.5,24561.25,24485.5,24490.75,56087,19.8687058604324,6653.6,0.00011379153390977947,23.04435413707165,24765.2625,0.0001735313632420521,-17903.75
6615.25,6615.75,6591.0,6592.5,36644,24574.0,24575.5,24482.5,24497.0,72955,34.2211377898379,6647.8875,0.0035650623885918886,33.627509136844736,24740.875,0.0032046702455552634,-17958.75
6652.75,6655.75,6612.75,6615.75,73165,24729.0,24735.0,24568.25,24574.25,128316,49.70273592547935,6643.825,0.005668720003023209,48.64518063424161,24721.9625,0.006307479449825015,-18076.25
6658.25,6672.0,6648.0,6652.75,47770,24737.5,24802.5,24710.0,24728.5,92281,51.505496514469556,6641.35,0.0008267257900869129,49.322358554333526,24710.225,0.00034372598972876034,-18079.25
6666.5,6684.5,6641.5,6658.25,235995,24822.75,24890.0,24672.25,24737.5,306654,54.15960104950722,6639.8875,0.0012390643187023542,55.64023292201427,24704.9625,0.0034461849418898627,-18156.25
6655.5,6697.25,6653.0,6666.25,351507,24764.5,24960.75,24747.25,24822.5,407296,50.21348973533819,6638.65,-0.0016500412510312978,50.96490541043736,24699.9375,-0.002346637661016615,-18109.0
6677.0,6682.5,6640.5,6655.5,269348,24849.5,24873.0,24674.5,24764.0,304976,56.83366530450772,6639.1625,0.0032304109383216595,56.68460312549165,24702.5,0.0034323325728360388,-18172.5
6680.25,6696.75,6672.25,6677.0,182782,24903.25,24980.0,24849.25,24849.75,211305,57.748266856344124,6639.7375,0.00048674554440619744,59.8721472615419,24706.1125,0.0021630213887602334,-18223.0
6688.5,6690.75,6665.25,6680.25,153267,24935.5,24947.0,24828.75,24903.0,168602,60.06157237453952,6641.1875,0.0012349837206691028,61.69361311211314,24713.2,0.001295011695260584,-18247.0
6704.0,6711.25,6688.5,6688.5,110476,24996.75,25030.0,24935.0,24935.5,123757,64.04461407449573,6644.15,0.0023174104806757967,64.94786143427754,24725.9375,0.0024563373503638797,-18292.75
6703.75,6718.0,6700.75,6704.25,114511,24988.0,25054.25,24979.5,24997.5,126669,63.933863030020184,6646.775,-3.729116945105915e-05,64.10996244834936,24737.3375,-0.00035004550591577477,-18284.25
6702.5,6713.25,6701.5,6704.0,25060,25031.0,25043.5,24976.0,24988.0,29530,63.3440347007855,6649.325,-0.00018646280067124987,66.4037970093606,24749.975,0.0017208259964782702,-18328.5
6716.0,6726.5,6702.5,6720.75,16220,25060.75,25100.0,24986.5,25067.0,25432,66.89610990281257,6652.7125,0.0020141738157404276,67.93093296498446,24765.1125,0.001188526227478004,-18344.75
6705.75,6716.5,6701.5,6716.0,19188,25012.25,25064.25,24987.5,25061.0,29779,61.984798567826104,6655.6,-0.0015262060750447226,62.91040448234184,24777.4875,-0.0019352972277365543,-18306.5
6714.75,6717.0,6693.75,6705.5,29679,25047.25,25056.5,24956.0,25011.5,48108,64.4525870271739,6659.2125,0.0013421317526003396,64.925011675596,24793.15,0.001399314335975399,-18332.5
6713.5,6720.75,6710.0,6714.75,16811,25047.0,25076.5,25030.25,25046.5,29705,63.83279401698304,6663.05,-0.00018615734018390118,64.89789568055329,24810.2,-9.981135653647222e-06,-18333.5
6715.0,6716.5,6709.25,6713.0,10049,25051.75,25058.5,25026.0,25045.5,18420,64.27673313764674,6667.3875,0.00022343040142991377,65.19532880212861,24829.7375,0.0001896434702759464,-18336.75
6723.0,6724.5,6714.75,6714.75,7502,25094.75,25099.0,25051.0,25052.0,15523,66.62937697023568,6672.9875,0.0011913626209978379,67.85105010702117,24855.4125,0.0017164469548036632,-18371.75
6727.0,6728.5,6721.75,6723.5,9520,25111.75,25120.0,25084.75,25095.75,23303,67.77222892140048,6680.1,0.0005949724825227154,68.86261161517959,24887.2,0.0006774325307086215,-18384.75
6729.0,6731.75,6723.75,6727.25,8563,25112.5,25127.75,25095.75,25111.75,20061,68.35577454566751,6687.0,0.00029730935037908246,68.90909052736728,24918.2625,2.9866496759511918e-05,-18383.5
6728.0,6731.25,6723.25,6728.75,10815,25111.0,25125.75,25087.25,25112.0,24516,67.69574916953341,6693.8125,-0.00014861049190073583,68.68825399079182,24949.0375,-5.9731209557045695e-05,-18383.0
6731.0,6737.5,6725.25,6728.0,14267,25120.75,25152.75,25098.75,25111.25,29681,68.67300899386912,6699.6,0.0004458977407848508,69.37526668972902,24976.375,0.0003882760543187924,-18389.75
6720.25,6732.75,6718.5,6731.25,14250,25073.75,25134.25,25066.5,25121.5,30679,61.49414046717228,6702.975,-0.0015970880998366077,62.281242383457425,24993.6125,-0.0018709632475144566,-18353.5
6722.75,6726.0,6717.25,6720.0,12898,25087.0,25099.5,25061.5,25074.5,25302,62.476541941423,6706.2,0.00037200996986719304,63.41696035460208,25011.0875,0.000528441098758714,-18364.25
6712.75,6727.0,6712.25,6722.75,16339,25041.5,25103.25,25039.25,25087.25,30949,56.29012648103791,6708.5125,-0.0014874865196534692,57.062954979615775,25022.025,-0.0018136883644915835,-18328.75
6724.0,6724.75,6711.5,6712.5,15481,25084.25,25090.0,25037.25,25041.0,26501,60.9721532832672,6711.9375,0.0016759152359315799,61.015224881392534,25038.0125,0.0017071661042669106,-18360.25
6734.0,6734.25,6720.75,6723.75,19425,25130.0,25132.5,25075.0,25083.75,32071,64.60182523689383,6714.7875,0.001487209994051053,64.75426929568124,25052.0375,0.0018238536133230454,-18396.0
6747.75,6754.75,6731.75,6734.0,131810,25222.0,25239.5,25114.75,25129.5,195879,68.886596892079,6718.1625,0.0020418770418770826,70.81594430477642,25067.975,0.0036609629924393428,-18474.25
6773.0,6775.5,6747.25,6747.5,140167,25314.25,25321.75,25210.25,25222.25,203553,74.89601976081755,6722.3875,0.0037419880700975128,75.38697691492901,25086.9125,0.0036575212116405353,-18541.25
6766.5,6774.0,6762.25,6773.0,112445,25317.5,25345.5,25289.25,25314.25,150258,71.08950600554209,6725.5125,-0.0009596928982725794,75.53237615572526,25102.95,0.00012838618564647852,-18551.0
6771.0,6771.75,6762.75,6766.5,65885,25314.75,25327.5,25290.0,25317.5,88852,72.1449997701227,6728.875,0.0006650410108623994,75.12795602115827,25119.2875,-0.00010862051940352391,-18543.75
6778.75,6782.25,6770.75,6771.25,61665,25336.75,25355.0,25311.5,25314.25,69580,73.91153597277078,6732.6875,0.0011445872101609744,76.22468802492136,25134.575,0.0008690585528199346,-18558.0
6777.25,6783.25,6772.5,6778.75,56442,25327.25,25353.0,25306.5,25336.0,68780,72.9472572518786,6735.75,-0.00022127973446428584,74.69305448693565,25147.9,-0.00037494943116223034,-18550.0
6773.25,6782.75,6772.5,6777.25,85587,25299.75,25339.0,25297.0,25327.5,108214,70.31287596227216,6739.125,-0.000590209893393312,70.29007186664082,25162.275,-0.0010857870475475817,-18526.5
6780.25,6780.5,6769.75,6773.5,22455,25326.25,25327.75,25289.25,25300.5,29674,72.20463076564927,6742.4,0.0010334772819546867,72.00276574700176,25176.225,0.0010474411802487982,-18546.0
6777.5,6781.0,6776.25,6779.0,0,25320.5,25329.75,25308.0,25326.25,0,70.30911378469776,6745.6,-0.0004055897643892026,71.04574169787423,25189.9,-0.00022703716499683502,-18543.0
6778.0,6782.5,6776.25,6777.75,8578,25323.75,25345.75,25316.75,25321.25,15846,70.46095200900781,6748.75,7.377351530801768e-05,71.2781153087492,25203.5,0.00012835449536940935,-18545.75
6781.75,6782.0,6776.0,6777.75,8284,25341.75,25343.25,25311.0,25323.5,14927,71.63266809548617,6751.6875,0.0005532605488345332,72.59017747656063,25215.85,0.0007107952021323527,-18560.0
6780.75,6784.75,6778.25,6782.0,8595,25344.5,25358.0,25330.0,25342.0,14686,70.82585830461085,6754.375,-0.00014745456556197745,72.79465266912398,25227.4875,0.00010851657837362971,-18563.75
6780.5,6785.25,6779.5,6780.5,7747,25347.75,25368.0,25342.5,25343.75,13176,70.61173614546367,6756.95,-3.686907790434457e-05,73.05052309542708,25239.25,0.00012823294994968037,-18567.25
6777.5,6782.25,6775.75,6780.5,4908,25330.25,25355.75,25318.75,25347.5,13264,67.95671447039872,6759.425,-0.00044244524740066904,69.27248810683055,25250.2125,-0.0006903965835232118,-18552.75
6774.25,6777.5,6771.25,6776.75,6269,25307.25,25327.75,25295.0,25323.75,12959,65.10093166318865,6761.5875,-0.0004795278495020039,64.54754234774276,25259.5375,-0.0009080052506390546,-18533.0
6771.25,6776.0,6767.5,6774.25,8817,25296.75,25317.25,25275.75,25308.0,19715,62.4904016298832,6764.1375,-0.0004428534524116845,62.45325035177648,25270.6875,-0.000414900868328294,-18525.5
6767.75,6771.75,6764.5,6771.5,9288,25278.5,25298.0,25265.25,25296.75,23095,59.49304012520351,6766.3875,-0.0005168912682296245,58.877515943353885,25280.2625,-0.0007214365481731377,-18510.75
6767.25,6769.25,6764.0,6767.75,12138,25277.0,25291.0,25260.5,25278.75,27013,59.057241744454224,6769.1125,-7.387979756934282e-05,58.58063837692236,25292.0375,-5.933896394172411e-05,-18509.75
6764.5,6768.75,6763.0,6767.25,9975,25268.0,25284.5,25252.75,25277.25,22015,56.601434582280646,6771.1375,-0.0004063689090841871,56.73224746311602,25301.225,-0.00035605491157975067,-18503.5
6768.5,6771.0,6764.25,6764.75,9720,25281.5,25296.0,25265.75,25267.5,18279,59.2554452219528,6772.8625,0.000591322344593026,58.830654022469915,25308.8,0.0005342725977521834,-18513.0
6771.0,6772.0,6765.0,6768.5,10939,25279.75,25289.0,25258.75,25281.75,19329,60.8662519367533,6774.025,0.0003693580556991538,58.43502558567264,25311.6875,-6.922057631075784e-05,-18508.75
6776.25,6776.5,6769.5,6771.0,17996,25307.25,25308.75,25273.75,25279.0,27236,64.07797875584032,6774.1875,0.0007753655294640005,62.68201639940699,25311.3375,0.0010878272134811073,-18531.0
6774.0,6777.75,6772.75,6776.0,16765,25298.75,25315.75,25290.75,25306.75,27812,61.73937169271525,6774.5625,-0.0003320420586607753,60.620236296070765,25310.4,-0.00033587213150376716,-18524.75
6765.25,6777.5,6761.25,6774.0,138551,25234.5,25306.0,25213.75,25298.75,208302,53.553800867439314,6774.275,-0.0012917035724829828,47.81698047412386,25306.3875,-0.00253965116853605,-18469.25
6785.75,6786.5,6759.0,6765.25,199972,25298.0,25301.75,25203.0,25235.0,268245,65.19622886347764,6774.625,0.0030301910498502505,57.39451251890514,25304.45,0.002516396203610105,-18512.25
6782.75,6787.5,6773.5,6785.5,120333,25322.75,25326.75,25242.0,25298.0,167496,62.718569476844884,6774.9,-0.00044210293630031483,60.44201932017746,25304.225,0.000978338208553975,-18540.0
6774.75,6790.0,6773.25,6782.25,100395,25285.5,25347.5,25277.5,25322.25,122067,56.54717310730005,6774.975,-0.0011794626073495795,54.162665807393935,25303.5125,-0.0014710092703201783,-18510.75
6781.75,6783.0,6767.25,6775.0,122343,25313.25,25314.75,25250.0,25285.75,135751,60.234304511000495,6775.05,0.0010332484593527091,57.68920374608379,25302.8625,0.001097466927685753,-18531.5
6779.25,6785.0,6777.5,6781.75,59023,25309.5,25324.0,25290.0,25313.5,71872,58.33062488871338,6775.1375,-0.0003686364139049436,57.05043867481308,25302.3125,-0.0001481437587034229,-18530.25
6772.25,6784.0,6771.25,6779.25,66986,25291.5,25334.0,25286.25,25309.25,70440,53.255388951285546,6774.85,-0.001032562599107556,53.961854762545904,25300.7,-0.0007111954009364485,-18519.25
6772.25,6775.75,6764.75,6772.5,35368,25265.0,25299.25,25228.75,25291.25,52441,53.255388951285546,6774.375,0.0,49.69623665613241,25296.8625,-0.0010477828519462884,-18492.75
6775.5,6778.0,6771.75,6773.25,0,25270.5,25285.0,25257.5,25277.0,0,55.34738653209613,6774.1125,0.00047989959023952977,50.56959163370006,25293.1625,0.00021769245992486752,-18495.0
6769.75,6775.75,6769.0,6775.5,8251,25245.0,25271.25,25240.25,25270.75,14350,50.99870187383511,6773.575,-0.0008486458563943255,46.535575879691955,25288.025,-0.0010090817356205317,-18475.25
6766.25,6772.5,6765.25,6770.0,12416,25225.75,25256.25,25220.0,25245.0,24459,48.500694925898024,6773.0125,-0.0005170057978507447,43.70144944072177,25282.8,-0.0007625272331154287,-18459.5
6774.0,6774.75,6764.25,6766.25,7900,25266.25,25268.25,25216.0,25225.75,17359,53.88683665964218,6773.0,0.0011453907260299268,50.528017382082886,25280.75,0.001605502314103724,-18492.25
6775.5,6777.25,6771.25,6774.25,5133,25273.5,25282.5,25253.0,25266.75,11406,54.8706433929927,6773.2125,0.00022143489813997164,51.65806539595422,25279.5875,0.0002869440459110084,-18498.0
6780.0,6780.0,6769.25,6775.75,6616,25289.75,25292.5,25243.75,25273.5,14707,57.78070253514252,6773.825,0.0006641576267434335,54.18418020607716,25280.15,0.0006429659524798126,-18509.75
6784.5,6788.25,6783.25,6784.0,10286,25316.75,25333.0,25310.75,25317.5,20316,60.52215543951959,6774.6875,0.0006637168141592209,58.101777074832064,25282.1375,0.0010676262122006897,-18532.25
6782.25,6786.5,6780.5,6784.25,5144,25307.25,25326.0,25297.5,25317.25,12384,58.47753120421532,6775.575,-0.0003316382931682904,56.278342828189025,25284.1,-0.0003752456377694724,-18525.0
6785.5,6788.75,6779.25,6782.25,9351,25318.5,25338.5,25294.0,25308.5,18657,60.55065139022644,6776.425,0.0004791920085518431,57.96089207183893,25285.95,0.0004445366446375054,-18533.0
6782.0,6786.0,6775.25,6785.5,11217,25297.75,25321.0,25270.75,25319.25,25335,57.23641772589385,6776.975,-0.0005158057622872692,53.84497504546931,25286.85,-0.0008195588206252324,-18515.75
6775.75,6782.25,6772.0,6781.75,10528,25267.5,25298.75,25251.5,25297.25,24099,51.78550558737807,6776.95,-0.0009215570628133829,48.44409693670301,25284.8625,-0.001195758516073564,-18491.75
6778.5,6778.75,6768.5,6775.75,11090,25272.25,25274.5,25231.0,25266.75,20060,53.86732353692915,6777.175,0.00040585912998558626,49.30399281165078,25283.5375,0.00018798852280599299,-18493.75
6778.25,6782.75,6776.75,6778.75,9916,25286.5,25305.0,25263.0,25272.0,16994,53.64057184878045,6777.825,-3.688131592538557e-05,51.896104172757056,25286.1375,0.0005638595692905035,-18508.25
6769.25,6779.25,6765.5,6778.25,24184,25224.0,25290.75,25206.75,25286.5,46703,46.114776210718745,6777.0,-0.0013277763434514922,41.8008950965452,25282.4375,-0.0024716746089811226,-18454.75
6779.25,6780.75,6768.25,6769.25,19999,25260.5,25267.75,25218.0,25224.75,33918,53.86068438293599,6776.825,0.0014772685304871302,48.14497884345414,25279.325,0.0014470345702506382,-18481.25
6771.5,6781.75,6763.25,6779.25,113376,25258.0,25289.5,25172.75,25260.75,199311,48.09099062605221,6776.6625,-0.0011431943061548377,47.76095566501024,25277.95,-9.896874567016933e-05,-18486.5
6759.5,6775.25,6739.5,6771.5,237069,25173.5,25281.0,25050.5,25257.75,370249,40.802581223205586,6775.55,-0.0017721332053459715,37.01422275307635,25270.9625,-0.0033454747010848163,-18414.0
6748.75,6763.25,6732.5,6759.75,218931,25100.75,25191.75,25003.0,25173.0,293209,35.59778308616646,6774.025,-0.0015903543161476241,30.625091446932842,25260.525,-0.0028899437900967717,-18352.0
6731.75,6750.75,6698.0,6749.0,282130,24992.25,25110.25,24866.25,25101.0,292926,29.244651586118977,6772.0,-0.002518984997221696,23.977569716555763,25245.5625,-0.00432258000258956,-18260.5
6705.25,6735.5,6690.75,6731.75,213336,24873.5,25011.0,24805.25,24992.0,230126,22.502753406297373,6768.65,-0.003936569242767529,19.092831671373176,25225.9875,-0.004751472956616598,-18168.25
6723.25,6724.0,6695.25,6705.25,185626,24958.0,24960.0,24827.5,24873.75,189047,33.68565573305216,6766.0375,0.002684463666529968,30.01804576357263,25210.3625,0.0033971897802882456,-18234.75
6737.0,6742.25,6713.5,6723.25,127143,25040.25,25058.5,24923.5,24958.0,159537,40.72242866769102,6764.4,0.0020451418584761516,38.69562004447899,25200.125,0.003295536501322305,-18303.25
6737.25,6744.0,6731.5,6737.0,22797,25040.0,25077.0,25023.5,25040.25,37280,40.84533578847417,6762.95,3.7108505269500824e-05,38.67992051515222,25190.8375,-9.983925879364364e-06,-18302.75
6736.75,6739.5,6729.25,6734.0,0,25045.0,25059.5,24998.5,25014.75,0,40.66373880532385,6761.0875,-7.421425655873559e-05,39.21112727293256,25179.775,0.00019968051118213204,-18308.25
6727.0,6740.5,6726.5,6736.75,11565,24996.5,25066.0,24991.5,25045.0,21084,37.19135695486759,6758.6625,-0.0014472854121052592,35.957232130390125,25165.925,-0.0019365142743063002,-18269.5
6736.75,6738.0,6717.25,6727.0,20768,25049.5,25055.0,24951.0,24996.25,40002,42.48088639443295,6756.5,0.0014493830830979437,41.65514262163277,25153.9125,0.0021202968415579004,-18312.75
6747.25,6748.25,6736.0,6736.75,13707,25098.75,25105.25,25046.0,25048.75,25902,47.59896401178385,6754.6375,0.0015586150591901937,46.42517511973255,25143.0125,0.0019661071079262182,-18351.5
6747.0,6749.75,6745.75,6747.25,6235,25098.5,25112.0,25090.25,25099.25,13350,47.49061178518633,6752.875,-3.705213235016824e-05,46.40443569488156,25132.575,-9.960655411145325e-06,-18351.5
6744.25,6750.25,6742.5,6747.25,8019,25083.25,25113.5,25074.0,25099.0,16050,46.24360339294371,6750.8125,-0.00040758855787759174,45.08144880431809,25120.8125,-0.0006076060322329768,-18339.0
6741.75,6745.5,6739.5,6745.25,6611,25070.75,25088.0,25061.0,25086.5,14221,45.08460748361843,6748.8,-0.0003706861400452066,43.97476283580572,25109.4625,-0.0004983405260482465,-18329.0
6746.5,6747.25,6738.0,6741.75,7138,25091.0,25093.75,25053.25,25071.0,13522,47.76342548904805,6747.3375,0.0007045648385062275,46.27566059388656,25100.6375,0.0008077141689020184,-18344.5
6748.25,6749.75,6742.5,6746.25,9926,25104.25,25112.25,25075.25,25090.75,18640,48.75523382800068,6745.825,0.00025939375972727774,47.78668141398845,25092.2375,0.0005280777968195149,-18356.0
6746.5,6751.75,6739.5,6748.25,12579,25091.25,25128.25,25068.0,25104.25,27338,47.778292738446844,6744.2375,-0.0002593264920535132,46.40756692441102,25082.475,-0.0005178406046785211,-18344.75
6744.75,6750.0,6742.25,6746.75,9101,25083.75,25115.0,25069.75,25091.25,21829,46.7690619859216,6743.0125,-0.00025939375972727774,45.59010665803634,25075.4625,-0.00029890898221496265,-18339.0
6739.25,6746.75,6732.5,6744.5,13919,25059.0,25092.25,25025.0,25084.5,27720,43.64846189297741,6741.0125,-0.0008154490529671543,42.904285155280256,25065.3875,-0.0009866945731799026,-18319.75
6739.75,6742.25,6737.0,6739.25,9764,25049.5,25068.25,25035.0,25060.0,19110,44.0141825400179,6739.425,7.419223207327796e-05,41.88430680012524,25054.9625,-0.0003791053114649001,-18309.75
6725.75,6740.25,6723.5,6740.0,22848,24973.5,25052.75,24963.0,25049.25,44903,36.81045046765602,6737.7375,-0.002077228383842167,34.76405456776163,25044.9625,-0.0030339926944649154,-18247.75
6736.0,6737.0,6719.75,6725.75,30278,25008.0,25011.75,24933.25,24973.5,53583,44.03280739279955,6737.1,0.0015239936066608895,39.769584809908885,25040.325,0.001381464352213424,-18272.0
6758.25,6766.0,6724.0,6736.0,158724,25160.5,25179.75,24940.25,25008.0,222577,55.83371460509538,6738.425,0.003303147268408635,55.8834602527366,25048.7375,0.006098048624440189,-18402.25
6760.5,6762.25,6739.0,6758.25,202291,25189.75,25199.25,25083.75,25160.5,301456,56.82511759094665,6741.1875,0.0003329264232605489,58.193748074330934,25064.55,0.0011625365155700784,-18429.25
6761.0,6765.5,6745.25,6760.5,141201,25194.25,25216.5,25119.5,25189.75,186570,57.05581138906184,6743.075,7.395902669915522e-05,58.55335279020439,25076.3625,0.00017864409134671355,-18433.25
6773.0,6774.0,6759.75,6760.75,87114,25240.0,25241.75,25184.5,25195.0,111144,62.2668442217852,6744.875,0.0017748853719863344,62.12072985326071,25086.35,0.001815890530577402,-18467.0
6782.25,6783.5,6762.25,6772.75,111726,25279.25,25283.5,25189.5,25240.0,147828,65.71992213559287,6747.125,0.0013657168167724443,64.91110472629552,25098.3125,0.0015550713153724693,-18497.0
6784.0,6785.75,6776.75,6782.5,54011,25273.75,25288.25,25245.5,25279.5,75856,66.3473779618821,6749.4875,0.0002580264661431464,64.19745277386147,25109.75,-0.00021756974593789558,-18489.75
6774.5,6785.75,6771.5,6784.0,81964,25252.25,25282.75,25230.75,25274.25,89694,59.934026346261106,6751.8625,-0.0014003537735849392,61.35759718818899,25122.5375,-0.0008506849992581111,-18477.75
6777.5,6778.5,6773.25,6774.5,21501,25277.25,25295.0,25247.25,25252.5,35470,61.209208598322206,6753.9,0.00044283710974979407,63.38581265652028,25133.925,0.0009900107911176015,-18499.75
6780.0,6781.75,6776.5,6778.0,0,25291.25,25303.25,25275.5,25285.0,0,62.28641231820956,6755.5375,0.0003688675765400884,64.50922241551413,25143.55,0.0005538577179085014,-18511.25
6780.75,6782.5,6779.5,6779.75,4335,25297.5,25305.0,25289.75,25291.75,6376,62.62175899153757,6757.225,0.00011061946902657382,65.02514130189638,25153.5,0.00024712103988533407,-18516.75
6781.0,6782.0,6777.0,6781.0,6144,25300.75,25305.0,25284.25,25298.75,11739,62.74068980590799,6759.0625,3.6869077904455594e-05,65.30755699287201,25164.375,0.00012847119280556818,-18519.75
6784.75,6785.5,6780.75,6781.0,8503,25318.25,25321.0,25297.0,25301.0,15399,64.56214663338349,6761.2125,0.0005530157793836032,66.85934814511928,25176.75,0.0006916791004218936,-18533.5
6783.25,6787.0,6781.75,6784.75,5639,25310.0,25326.25,25303.0,25317.75,11259,63.23060099569621,6763.05,-0.00022108404878584675,65.37474967052987,25187.7,-0.00032585190524625496,-18526.75
6787.5,6787.75,6782.75,6783.25,2097,25325.5,25327.75,25304.5,25310.25,5309,65.40751941728095,6765.0125,0.0006265433236281037,66.86348054305176,25198.7625,0.0006124061635717215,-18538.0
6787.75,6788.5,6785.5,6785.75,3018,25332.5,25335.5,25320.25,25320.75,6474,65.53677440419214,6767.075,3.683241252305791e-05,67.54220471253983,25210.825,0.0002764012556513151,-18544.75
6791.5,6791.75,6786.5,6787.5,5119,25346.75,25347.75,25327.5,25332.0,8991,67.498528502776,6769.4125,0.0005524658391955484,68.93706411120176,25223.975,0.0005625185038982128,-18555.25
6795.0,6798.25,6790.75,6791.5,9098,25360.5,25381.25,25345.0,25347.0,19839,69.25746354962519,6772.2,0.0005153500699404123,70.26492614863987,25239.05,0.0005424758598242541,-18565.5
6792.5,6795.5,6789.5,6795.25,6317,25358.0,25368.75,25340.25,25361.0,14858,66.48952370188522,6774.8375,-0.0003679175864605977,69.6816810899711,25254.475,-9.857849805805508e-05,-18565.5
